municipio,uf,code_ibge7,code6
Rio Branco,AC,1200401,120040
Maceió,AL,2704302,270430
Manaus,AM,1302603,130260
Macapá,AP,1600303,160030
Teixeira de Freitas,BA,2931350,293135
Salvador,BA,2927408,292740
Camaçari,BA,2905701,290570
Porto Seguro,BA,2925303,292530
Fortaleza,CE,2304400,230440
Caucaia,CE,2303709,230370
Maracanaú,CE,2307650,230765
Brasília,DF,5300108,530010
Guarapari,ES,3202405,320240
Linhares,ES,3203205,320320
Vitória,ES,3205309,320530
Vila Velha,ES,3205200,320520
Cariacica,ES,3201308,320130
Serra,ES,3205002,320500
São Mateus,ES,3204906,320490
Luziânia,GO,5212501,521250
Goiânia,GO,5208707,520870
Timon,MA,2112209,211220
Paço do Lumiar,MA,2107506,210750
São Luís,MA,2111300,211130
Governador Valadares,MG,3127701,312770
Vespasiano,MG,3171204,317120
Sabará,MG,3156700,315670
Santa Luzia,MG,3157807,315780
Teófilo Otoni,MG,3168606,316860
Juiz de Fora,MG,3136702,313670
Belo Horizonte,MG,3106200,310620
Ribeirão das Neves,MG,3154606,315460
Dourados,MS,5003702,500370
Campo Grande,MS,5002704,500270
Cuiabá,MT,5103403,510340
Marabá,PA,1504208,150420
Marituba,PA,1504422,150442
Bragança,PA,1501709,150170
Parauapebas,PA,1505536,150553
Belém,PA,1501402,150140
Santa Rita,PB,2513703,251370
João Pessoa,PB,2507507,250750
Recife,PE,2611606,261160
Olinda,PE,2609600,260960
Jaboatão dos Guararapes,PE,2607901,260790
Igarassu,PE,2606804,260680
Petrolina,PE,2611101,261110
São Lourenço da Mata,PE,2613701,261370
Cabo de Santo Agostinho,PE,2602902,260290
Camaragibe,PE,2603454,260345
Teresina,PI,2211001,221100
Parnaíba,PI,2207702,220770
Almirante Tamandaré,PR,4100400,410040
Curitiba,PR,4106902,410690
São João de Meriti,RJ,3305109,330510
São Gonçalo,RJ,3304904,330490
Magé,RJ,3302502,330250
Niterói,RJ,3303302,330330
Duque de Caxias,RJ,3301702,330170
Rio de Janeiro,RJ,3304557,330455
Itaboraí,RJ,3301900,330190
Queimados,RJ,3304144,330414
Belford Roxo,RJ,3300456,330045
Maricá,RJ,3302700,330270
Nova Iguaçu,RJ,3303500,330350
Resende,RJ,3304201,330420
Nilópolis,RJ,3303203,330320
Mesquita,RJ,3302858,330285
Natal,RN,2408102,240810
Parnamirim,RN,2403251,240325
Porto Velho,RO,1100205,110020
Boa Vista,RR,1400100,140010
Porto Alegre,RS,4314902,431490
Canoas,RS,4304606,430460
Viamão,RS,4323002,432300
Passo Fundo,RS,4314100,431410
Santa Maria,RS,4316907,431690
São Leopoldo,RS,4318705,431870
Rio Grande,RS,4315602,431560
Caxias do Sul,RS,4305108,430510
Alvorada,RS,4300604,430060
Santa Cruz do Sul,RS,4316808,431680
Bento Gonçalves,RS,4302105,430210
Sapucaia do Sul,RS,4320008,432000
Palhoça,SC,4211900,421190
São José,SC,4216602,421660
Florianópolis,SC,4205407,420540
Nossa Senhora do Socorro,SE,2804805,280480
Aracaju,SE,2800308,280030
Bauru,SP,3506003,350600
Botucatu,SP,3507506,350750
Cubatão,SP,3513504,351350
Praia Grande,SP,3541000,354100
Itaquaquecetuba,SP,3523107,352310
Guarujá,SP,3518701,351870
Ourinhos,SP,3534708,353470
Itapetininga,SP,3522307,352230
São Paulo,SP,3550308,355030
Araguaína,TO,1702109,170210
Palmas,TO,1721000,172100
