municipio,uf
Rio Branco,AC
Maceió,AL
Manaus,AM
Macapá,AP
Teixeira de Freitas,BA
Salvador,BA
Camaçari,BA
Porto Seguro,BA
Fortaleza,CE
Caucaia,CE
Maracanaú,CE
Brasília,DF
Guarapari,ES
Linhares,ES
Vitória,ES
Vila Velha,ES
Cariacica,ES
Serra,ES
São Mateus,ES
Luziânia,GO
Goiânia,GO
Timon,MA
Paço do Lumiar,MA
São Luís,MA
Governador Valadares,MG
Vespasiano,MG
Sabará,MG
Santa Luzia,MG
Teófilo Otoni,MG
Juiz de Fora,MG
Belo Horizonte,MG
Ribeirão das Neves,MG
Dourados,MS
Campo Grande,MS
Cuiabá,MT
Marabá,PA
Marituba,PA
Bragança,PA
Parauapebas,PA
Belém,PA
Santa Rita,PB
João Pessoa,PB
Recife,PE
Olinda,PE
Jaboatão dos Guararapes,PE
Igarassu,PE
Petrolina,PE
São Lourenço da Mata,PE
Cabo de Santo Agostinho,PE
Camaragibe,PE
Teresina,PI
Parnaíba,PI
Almirante Tamandaré,PR
Curitiba,PR
São João de Meriti,RJ
São Gonçalo,RJ
Magé,RJ
Niterói,RJ
Duque de Caxias,RJ
Rio de Janeiro,RJ
Itaboraí,RJ
Queimados,RJ
Belford Roxo,RJ
Maricá,RJ
Nova Iguaçu,RJ
Resende,RJ
Nilópolis,RJ
Mesquita,RJ
Natal,RN
Parnamirim,RN
Porto Velho,RO
Boa Vista,RR
Porto Alegre,RS
Canoas,RS
Viamão,RS
Passo Fundo,RS
Santa Maria,RS
São Leopoldo,RS
Rio Grande,RS
Caxias do Sul,RS
Alvorada,RS
Santa Cruz do Sul,RS
Bento Gonçalves,RS
Sapucaia do Sul,RS
Palhoça,SC
São José,SC
Florianópolis,SC
Nossa Senhora do Socorro,SE
Aracaju,SE
Bauru,SP
Botucatu,SP
Cubatão,SP
Praia Grande,SP
Itaquaquecetuba,SP
Guarujá,SP
Ourinhos,SP
Itapetininga,SP
São Paulo,SP
Araguaína,TO
Palmas,TO
